prompt_tokens,generation_tokens,ttft,generation_time,user_id,question_id,launch_time,finish_time
76.0,20.0,0.1053476333618164,0.9960649013519287,5603,1,1746599236.673907,1746599237.77532
76.0,20.0,0.09486699104309082,0.9895105361938477,5604,1,1746599239.1910033,1746599240.2753813
76.0,20.0,0.08903837203979492,0.9790000915527344,5605,1,1746599241.7092185,1746599242.7772574
76.0,20.0,0.10051512718200684,1.0001637935638428,5606,1,1746599244.2347276,1746599245.3354073
76.0,20.0,0.10004544258117676,0.9868736267089844,5607,1,1746599246.7572598,1746599247.8441794
76.0,20.0,0.12488889694213867,0.9979925155639648,5608,1,1746599249.2775238,1746599250.4004056
76.0,20.0,0.10721731185913086,0.9559416770935059,5609,1,1746599251.7971213,1746599252.860281
76.0,20.0,0.11933398246765137,0.9515693187713623,5610,1,1746599254.3186638,1746599255.3895683
76.0,20.0,0.07874512672424316,0.9791009426116943,5611,1,1746599256.9392884,1746599257.997135
76.0,20.0,0.12189888954162598,0.9984803199768066,5612,1,1746599259.4556918,1746599260.5760713
76.0,20.0,0.0753946304321289,0.9849584102630615,5613,1,1746599261.9726915,1746599263.0330455
76.0,20.0,0.1938624382019043,0.9754519462585449,5614,1,1746599264.6896667,1746599265.8589818
76.0,20.0,0.09681129455566406,0.9920830726623535,5615,1,1746599267.0092554,1746599268.098151
76.0,20.0,0.11710333824157715,0.9712667465209961,5616,1,1746599269.5257082,1746599270.6140797
76.0,20.0,0.07807421684265137,0.9573802947998047,5617,1,1746599272.048078,1746599273.083533
76.0,20.0,0.1123661994934082,0.9936158657073975,5618,1,1746599274.6659615,1746599275.771944
76.0,20.0,0.09733200073242188,0.9564783573150635,5619,1,1746599234.460106,1746599235.5139167
125.0,20.0,0.09822535514831543,0.9925205707550049,5619,2,1746599277.183395,1746599278.2741416
76.0,20.0,0.08502984046936035,0.9720845222473145,5620,1,1746599237.0759373,1746599238.1330523
125.0,20.0,0.09692549705505371,0.9974169731140137,5620,2,1746599279.8328383,1746599280.9271812
76.0,20.0,0.07517719268798828,0.973914384841919,5621,1,1746599239.5947404,1746599240.6438327
125.0,20.0,0.08452057838439941,1.0103645324707031,5621,2,1746599282.3489714,1746599283.443857
76.0,20.0,0.12050557136535645,1.0004124641418457,5622,1,1746599242.1159284,1746599243.2368474
125.0,20.0,0.10688304901123047,1.0370419025421143,5622,2,1746599284.8719647,1746599286.0158901
76.0,20.0,0.09101223945617676,0.9695143699645996,5623,1,1746599244.6406221,1746599245.7011495
125.0,20.0,0.09081697463989258,1.0132966041564941,5623,2,1746599287.3908644,1746599288.4949787
76.0,20.0,0.1272892951965332,0.9735660552978516,5624,1,1746599247.1605432,1746599248.261399
125.0,20.0,0.10634207725524902,0.9871034622192383,5624,2,1746599289.9083936,1746599291.0018394
76.0,20.0,0.10553669929504395,0.9621546268463135,5625,1,1746599249.679747,1746599250.747439
125.0,20.0,0.09292173385620117,1.0216915607452393,5625,2,1746599292.4236195,1746599293.5382333
76.0,20.0,0.08408546447753906,0.9882006645202637,5626,1,1746599252.199596,1746599253.2718828
125.0,20.0,0.13352608680725098,1.1156136989593506,5626,2,1746599295.4470515,1746599296.6961915
76.0,20.0,0.08477520942687988,0.9742336273193359,5627,1,1746599254.7205637,1746599255.7795727
125.0,20.0,0.09106016159057617,1.0122628211975098,5627,2,1746599297.4720988,1746599298.5754228
76.0,20.0,0.11269307136535645,0.9698748588562012,5628,1,1746599257.3416975,1746599258.4242656
125.0,20.0,0.11594605445861816,1.01125168800354,5628,2,1746599300.0916648,1746599301.2188628
76.0,20.0,0.12213969230651855,0.9800221920013428,5629,1,1746599259.8578377,1746599260.96
125.0,20.0,0.10763239860534668,1.0170917510986328,5629,2,1746599302.6159518,1746599303.7406766
76.0,20.0,0.09228181838989258,0.9777705669403076,5630,1,1746599262.37483,1746599263.4448829
125.0,20.0,0.09506464004516602,1.0340142250061035,5630,2,1746599305.138512,1746599306.2675912
76.0,20.0,0.0763711929321289,1.0135579109191895,5631,1,1746599264.892838,1746599265.9827678
125.0,20.0,0.12815213203430176,1.058793067932129,5631,2,1746599307.653991,1746599308.8409367
76.0,20.0,0.12484884262084961,0.9684233665466309,5632,1,1746599267.4114974,1746599268.5047705
125.0,20.0,0.10463380813598633,1.0160751342773438,5632,2,1746599310.1701944,1746599311.290904
76.0,20.0,0.09020137786865234,0.9723739624023438,5633,1,1746599269.9276788,1746599270.9902549
125.0,20.0,0.13213491439819336,1.064634084701538,5633,2,1746599312.6868432,1746599313.8836129
76.0,20.0,0.12076735496520996,0.9785490036010742,5634,1,1746599272.4500804,1746599273.5493972
125.0,20.0,0.16490817070007324,1.0406513214111328,5634,2,1746599315.2017345,1746599316.4072945
76.0,20.0,0.09742259979248047,0.9626638889312744,5635,1,1746599275.0676198,1746599276.1277068
125.0,20.0,0.16744565963745117,1.014129400253296,5635,2,1746599317.8227031,1746599319.0042784
76.0,20.0,0.07761430740356445,0.969834566116333,5636,1,1746599234.8633273,1746599235.9107766
125.0,20.0,0.07570004463195801,0.9933903217315674,5636,2,1746599277.5851712,1746599278.6542623
174.0,20.0,0.12349963188171387,1.0700266361236572,5636,3,1746599320.3461587,1746599321.539686
76.0,20.0,0.0980234146118164,0.9827139377593994,5637,1,1746599237.3777413,1746599238.4584794
125.0,20.0,0.10341548919677734,0.9920425415039062,5637,2,1746599280.1343718,1746599281.2298305
174.0,20.0,0.10238909721374512,1.0464496612548828,5637,3,1746599322.869227,1746599324.0180662
76.0,20.0,0.12028956413269043,0.9859535694122314,5638,1,1746599239.9969292,1746599241.103173
125.0,20.0,0.10353946685791016,1.002941608428955,5638,2,1746599282.7511024,1746599283.8575845
174.0,20.0,0.14919757843017578,1.2536275386810303,5638,3,1746599326.0922604,1746599327.4950862
76.0,20.0,0.09783935546875,0.9661295413970947,5639,1,1746599242.5179002,1746599243.5818698
125.0,20.0,0.11464858055114746,1.031869888305664,5639,2,1746599285.2745278,1746599286.4210467
174.0,20.0,0.1463603973388672,1.1054210662841797,5639,3,1746599328.0188406,1746599329.2706227
76.0,20.0,0.1172020435333252,0.981379508972168,5640,1,1746599245.0438619,1746599246.1424444
125.0,20.0,0.10059881210327148,1.055373191833496,5640,2,1746599287.7928057,1746599288.9487782
174.0,20.0,0.11497950553894043,1.1915652751922607,5640,3,1746599330.4964623,1746599331.8030078
76.0,20.0,0.08052539825439453,0.9688632488250732,5641,1,1746599247.5631666,1746599248.6125557
125.0,20.0,0.12043356895446777,1.0272152423858643,5641,2,1746599290.310046,1746599291.4576955
174.0,20.0,0.14391183853149414,1.139625072479248,5641,3,1746599333.0139813,1746599334.2975192
76.0,20.0,0.09591913223266602,0.9915676116943359,5642,1,1746599250.082306,1746599251.1697936
125.0,20.0,0.1387465000152588,1.0567810535430908,5642,2,1746599292.8307717,1746599294.0262997
76.0,20.0,0.10814070701599121,0.992990255355835,5643,1,1746599252.6023905,1746599253.7035224
125.0,20.0,0.3340601921081543,0.9640116691589355,5643,2,1746599295.448681,1746599296.7467532
76.0,20.0,0.11652588844299316,0.9913027286529541,5644,1,1746599255.125219,1746599256.2330484
125.0,20.0,0.08959555625915527,0.959338903427124,5644,2,1746599297.8764489,1746599298.925384
76.0,20.0,0.09205770492553711,1.0057721138000488,5645,1,1746599257.7439954,1746599258.8418257
125.0,20.0,0.12209320068359375,1.011502981185913,5645,2,1746599300.496866,1746599301.6304626
76.0,20.0,0.0934910774230957,0.9950344562530518,5646,1,1746599260.2602432,1746599261.348769
125.0,20.0,0.15776801109313965,1.0529570579528809,5646,2,1746599303.0184815,1746599304.2292068
76.0,20.0,0.09345364570617676,0.9710934162139893,5647,1,1746599262.777037,1746599263.8415847
125.0,20.0,0.09241223335266113,1.0265722274780273,5647,2,1746599305.540544,1746599306.659529
76.0,20.0,0.09937906265258789,0.9854285717010498,5648,1,1746599265.2969973,1746599266.3818057
125.0,20.0,0.10096573829650879,0.9945499897003174,5648,2,1746599308.0560253,1746599309.1515415
76.0,20.0,0.09053969383239746,0.9853551387786865,5649,1,1746599267.81345,1746599268.889346
125.0,20.0,0.11405277252197266,1.0344560146331787,5649,2,1746599310.5724719,1746599311.7209814
76.0,20.0,0.1204833984375,0.9888854026794434,5650,1,1746599270.3309364,1746599271.4403057
125.0,20.0,0.09509038925170898,1.0589830875396729,5650,2,1746599313.0890138,1746599314.2430878
76.0,20.0,0.09825754165649414,0.9687752723693848,5651,1,1746599272.851853,1746599273.9188862
125.0,20.0,0.09918713569641113,1.0613899230957031,5651,2,1746599315.6057365,1746599316.766314
76.0,20.0,0.08096098899841309,0.9978799819946289,5652,1,1746599275.4697294,1746599276.5485709
125.0,20.0,0.11817741394042969,1.0948143005371094,5652,2,1746599318.2277863,1746599319.4407783
76.0,20.0,0.09854793548583984,0.9658715724945068,5653,1,1746599235.2651799,1746599236.3296003
125.0,20.0,0.12230610847473145,1.0193352699279785,5653,2,1746599277.9891214,1746599279.1307635
174.0,20.0,0.08050942420959473,1.0504937171936035,5653,3,1746599320.748697,1746599321.8797007
76.0,20.0,0.12473750114440918,0.9702057838439941,5654,1,1746599237.7822695,1746599238.8772137
125.0,20.0,0.0853433609008789,0.9722850322723389,5654,2,1746599280.5365129,1746599281.594142
174.0,20.0,0.12632513046264648,1.064377784729004,5654,3,1746599323.2721117,1746599324.462815
76.0,20.0,0.08178353309631348,0.9942634105682373,5655,1,1746599240.4016027,1746599241.4776502
125.0,20.0,0.09845995903015137,0.9893362522125244,5655,2,1746599283.1533813,1746599284.2411778
174.0,20.0,0.4390382766723633,1.0122625827789307,5655,3,1746599326.0950997,1746599327.546401
76.0,20.0,0.11265182495117188,0.9893689155578613,5656,1,1746599242.92418,1746599244.0262015
125.0,20.0,0.11606073379516602,1.000713586807251,5656,2,1746599285.6764944,1746599286.793269
174.0,20.0,0.13099956512451172,1.1529581546783447,5656,3,1746599328.4207087,1746599329.704667
76.0,20.0,0.09215855598449707,0.9953303337097168,5657,1,1746599245.449655,1746599246.537145
125.0,20.0,0.09739136695861816,1.01955246925354,5657,2,1746599288.1957169,1746599289.3126612
174.0,20.0,0.1505570411682129,1.0588572025299072,5657,3,1746599330.8985066,1746599332.1079214
76.0,20.0,0.08080887794494629,0.9943926334381104,5658,1,1746599247.968751,1746599249.043953
125.0,20.0,0.08306741714477539,1.039036512374878,5658,2,1746599290.7121317,1746599291.8342361
174.0,20.0,0.12487936019897461,1.0060584545135498,5658,3,1746599333.416004,1746599334.5469425
76.0,20.0,0.11751723289489746,0.9704892635345459,5659,1,1746599250.4884317,1746599251.5764391
125.0,20.0,0.10644125938415527,1.0227739810943604,5659,2,1746599293.2355871,1746599294.3648028
76.0,20.0,0.08430027961730957,0.9687228202819824,5660,1,1746599253.0074625,1746599254.060486
125.0,20.0,0.1141970157623291,1.0723059177398682,5660,2,1746599295.7583854,1746599296.9448888
76.0,20.0,0.08999752998352051,0.9585464000701904,5661,1,1746599255.5309098,1746599256.5794542
125.0,20.0,0.08269596099853516,1.0226922035217285,5661,2,1746599298.2788365,1746599299.3842256
76.0,20.0,0.11857795715332031,0.9834938049316406,5662,1,1746599258.0484173,1746599259.1504896
125.0,20.0,0.08950114250183105,1.0067408084869385,5662,2,1746599300.7990253,1746599301.8952677
76.0,20.0,0.11970686912536621,0.9965760707855225,5663,1,1746599260.6649253,1746599261.7812088
125.0,20.0,0.08319997787475586,1.0458464622497559,5663,2,1746599303.4209971,1746599304.5500443
76.0,20.0,0.09954047203063965,1.0348682403564453,5664,1,1746599263.183821,1746599264.3182306
125.0,20.0,0.10776448249816895,0.9857354164123535,5664,2,1746599305.942591,1746599307.0360913
76.0,20.0,0.10685896873474121,0.9896271228790283,5665,1,1746599265.7004693,1746599266.796956
125.0,20.0,0.142866849899292,1.041304588317871,5665,2,1746599308.4592285,1746599309.6434004
76.0,20.0,0.11698698997497559,0.9745841026306152,5666,1,1746599268.218701,1746599269.3102725
125.0,20.0,0.13721084594726562,0.9840779304504395,5666,2,1746599310.9750392,1746599312.0963285
76.0,20.0,0.09960746765136719,0.9651169776916504,5667,1,1746599270.7362187,1746599271.8009439
125.0,20.0,0.1436614990234375,0.9844346046447754,5667,2,1746599313.4911525,1746599314.619249
76.0,20.0,0.11216568946838379,0.9824621677398682,5668,1,1746599273.2577386,1746599274.352367
125.0,20.0,0.12189626693725586,1.01423978805542,5668,2,1746599316.0074823,1746599317.1436188
76.0,20.0,0.10553693771362305,0.9681754112243652,5669,1,1746599275.874238,1746599276.947951
125.0,20.0,0.13832807540893555,1.0250296592712402,5669,2,1746599318.6299245,1746599319.7932825
76.0,20.0,0.07964801788330078,0.9553384780883789,5670,1,1746599235.6674352,1746599236.7024226
125.0,20.0,0.10301089286804199,1.1365597248077393,5670,2,1746599278.3937411,1746599279.633312
174.0,20.0,0.14121341705322266,1.0222892761230469,5670,3,1746599321.150558,1746599322.3140614
76.0,20.0,0.11987638473510742,0.9823002815246582,5671,1,1746599238.184594,1746599239.2867715
125.0,20.0,0.09523677825927734,0.9904754161834717,5671,2,1746599280.9406767,1746599282.0263898
174.0,20.0,0.11946821212768555,1.1536989212036133,5671,3,1746599323.6765504,1746599324.949718
76.0,20.0,0.11449074745178223,0.9931857585906982,5672,1,1746599240.804001,1746599241.9116783
125.0,20.0,0.09285902976989746,1.0168564319610596,5672,2,1746599283.5591826,1746599284.6688986
174.0,20.0,0.3251500129699707,0.9610304832458496,5672,3,1746599326.3062286,1746599327.59241
76.0,20.0,0.0845334529876709,0.9756929874420166,5673,1,1746599243.3264992,1746599244.3867266
125.0,20.0,0.0823822021484375,1.0310626029968262,5673,2,1746599286.0809548,1746599287.1944003
174.0,20.0,0.12481570243835449,1.0057835578918457,5673,3,1746599328.823151,1746599329.9537508
76.0,20.0,0.11986827850341797,0.9982426166534424,5674,1,1746599245.8519735,1746599246.970085
125.0,20.0,0.10345792770385742,1.0510025024414062,5674,2,1746599288.6013134,1746599289.7557745
174.0,20.0,0.12811970710754395,1.1932694911956787,5674,3,1746599331.3005092,1746599332.621899
76.0,20.0,0.11265182495117188,0.9820551872253418,5675,1,1746599248.371119,1746599249.4658265
125.0,20.0,0.13054394721984863,1.0222489833831787,5675,2,1746599291.1164682,1746599292.2692616
174.0,20.0,0.12476396560668945,0.995574951171875,5675,3,1746599333.8184578,1746599334.9387972
76.0,20.0,0.07794547080993652,0.9823434352874756,5676,1,1746599250.8912654,1746599251.9515548
125.0,20.0,0.0957639217376709,1.0748004913330078,5676,2,1746599293.6430798,1746599294.813645
76.0,20.0,0.09705615043640137,0.9696640968322754,5677,1,1746599253.4091961,1746599254.4759169
125.0,20.0,0.11579322814941406,1.0225815773010254,5677,2,1746599296.1603951,1746599297.2987704
76.0,20.0,0.11580348014831543,0.9806356430053711,5678,1,1746599255.9348793,1746599257.0313194
125.0,20.0,0.14200043678283691,0.9801774024963379,5678,2,1746599298.683716,1746599299.8058944
76.0,20.0,0.08543705940246582,0.974431037902832,5679,1,1746599258.450167,1746599259.5100358
125.0,20.0,0.13285064697265625,0.9769635200500488,5679,2,1746599301.204423,1746599302.3142385
76.0,20.0,0.09989213943481445,0.9681351184844971,5680,1,1746599261.06704,1746599262.1350682
125.0,20.0,0.0938866138458252,1.0202925205230713,5680,2,1746599303.8233366,1746599304.9375162
76.0,20.0,0.07557225227355957,0.9998528957366943,5681,1,1746599263.586025,1746599264.661451
125.0,20.0,0.09300494194030762,1.008270263671875,5681,2,1746599306.3481698,1746599307.4494457
76.0,20.0,0.07930803298950195,0.9734635353088379,5682,1,1746599266.1049137,1746599267.1576858
125.0,20.0,0.11946964263916016,0.9541044235229492,5682,2,1746599308.8634496,1746599309.9370244
76.0,20.0,0.10404038429260254,0.9661350250244141,5683,1,1746599268.6207857,1746599269.6909618
125.0,20.0,0.11222386360168457,1.025202989578247,5683,2,1746599311.3793156,1746599312.516743
76.0,20.0,0.07861685752868652,0.9837203025817871,5684,1,1746599271.142977,1746599272.2053149
125.0,20.0,0.11364102363586426,1.037879228591919,5684,2,1746599313.895225,1746599315.046746
76.0,20.0,0.10834431648254395,0.9799354076385498,5685,1,1746599273.6609652,1746599274.7492454
125.0,20.0,0.11718463897705078,1.0332231521606445,5685,2,1746599316.4154112,1746599317.56582
76.0,20.0,0.07268810272216797,0.9828228950500488,5686,1,1746599276.276386,1746599277.331898
125.0,20.0,0.09171557426452637,1.045945644378662,5686,2,1746599319.0363293,1746599320.173991
76.0,20.0,0.11005997657775879,0.9777853488922119,5687,1,1746599236.070264,1746599237.1581097
125.0,20.0,0.08286666870117188,0.986889123916626,5687,2,1746599278.7960618,1746599279.865818
174.0,20.0,0.1271829605102539,1.1195924282073975,5687,3,1746599321.555955,1746599322.802731
76.0,20.0,0.07890558242797852,0.9743046760559082,5688,1,1746599238.5871894,1746599239.6404004
125.0,20.0,0.10048890113830566,0.9879496097564697,5688,2,1746599281.3427773,1746599282.4312165
174.0,20.0,0.1245582103729248,1.0957541465759277,5688,3,1746599324.080968,1746599325.3012807
76.0,20.0,0.10362744331359863,0.989544153213501,5689,1,1746599241.2060094,1746599242.2991815
125.0,20.0,0.10382366180419922,1.0153069496154785,5689,2,1746599283.962101,1746599285.081232
174.0,20.0,0.15504884719848633,1.2439420223236084,5689,3,1746599326.708543,1746599328.1075346
76.0,20.0,0.12037038803100586,0.9947795867919922,5690,1,1746599243.7303302,1746599244.845481
125.0,20.0,0.09710884094238281,1.0276310443878174,5690,2,1746599286.483272,1746599287.608013
174.0,20.0,0.13861989974975586,1.1038763523101807,5690,3,1746599329.2254677,1746599330.4679644
76.0,20.0,0.09470272064208984,0.9650835990905762,5691,1,1746599246.2542048,1746599247.313992
125.0,20.0,0.11566281318664551,1.0135657787322998,5691,2,1746599289.0035737,1746599290.1328025
174.0,20.0,0.1645827293395996,1.0617241859436035,5691,3,1746599331.7022195,1746599332.9285269
76.0,20.0,0.10683178901672363,0.9776580333709717,5692,1,1746599248.7737174,1746599249.8582082
125.0,20.0,0.1211707592010498,1.0539295673370361,5692,2,1746599291.518809,1746599292.6939101
76.0,20.0,0.10568094253540039,0.9836196899414062,5693,1,1746599251.2938652,1746599252.3831666
125.0,20.0,0.1187143325805664,0.995507001876831,5693,2,1746599294.044868,1746599295.1590898
76.0,20.0,0.10820722579956055,0.9821789264678955,5694,1,1746599253.8148632,1746599254.90525
125.0,20.0,0.09850144386291504,1.0035078525543213,5694,2,1746599296.562617,1746599297.6646268
76.0,20.0,0.094482421875,0.9564235210418701,5695,1,1746599256.3365638,1746599257.3874702
125.0,20.0,0.11899709701538086,1.0120563507080078,5695,2,1746599299.0860522,1746599300.2171063
76.0,20.0,0.10902118682861328,0.9566617012023926,5696,1,1746599258.8536232,1746599259.919307
125.0,20.0,0.08379197120666504,1.010373592376709,5696,2,1746599301.609935,1746599302.7041013
76.0,20.0,0.09006404876708984,0.9922826290130615,5697,1,1746599261.4700174,1746599262.5523646
125.0,20.0,0.11414313316345215,1.0362653732299805,5697,2,1746599304.2332847,1746599305.383694
76.0,20.0,0.11284208297729492,0.9961512088775635,5698,1,1746599263.9881074,1746599265.0971014
125.0,20.0,0.13579654693603516,1.0600035190582275,5698,2,1746599306.749997,1746599307.9457974
76.0,20.0,0.09594368934631348,0.983121395111084,5699,1,1746599266.5068822,1746599267.5859482
125.0,20.0,0.1336805820465088,1.0367062091827393,5699,2,1746599309.2658017,1746599310.4361892
76.0,20.0,0.1273202896118164,0.9936847686767578,5700,1,1746599269.023263,1746599270.1442683
125.0,20.0,0.12528562545776367,1.0143842697143555,5700,2,1746599311.7812238,1746599312.9208944
76.0,20.0,0.10705423355102539,0.9701220989227295,5701,1,1746599271.5445151,1746599272.6216917
125.0,20.0,0.09049439430236816,1.029588222503662,5701,2,1746599314.2969859,1746599315.4170687
76.0,20.0,0.08566856384277344,0.956322193145752,5702,1,1746599274.0632217,1746599275.105213
125.0,20.0,0.0915994644165039,0.9852654933929443,5702,2,1746599316.817368,1746599317.8942337
76.0,20.0,0.10179018974304199,0.9820389747619629,5703,1,1746599276.5778732,1746599277.6617029
125.0,20.0,0.11357712745666504,1.018824815750122,5703,2,1746599319.3384984,1746599320.4709005
76.0,20.0,0.08558773994445801,0.9676368236541748,5704,1,1746599236.472693,1746599237.5259178
125.0,20.0,0.1099691390991211,0.9795067310333252,5704,2,1746599279.1995864,1746599280.2890627
174.0,20.0,0.15914273262023926,0.985612154006958,5704,3,1746599321.9600375,1746599323.1047928
76.0,20.0,0.10480165481567383,0.9639687538146973,5705,1,1746599238.9894435,1746599240.0582147
125.0,20.0,0.07946419715881348,0.9675848484039307,5705,2,1746599281.746265,1746599282.7933145
174.0,20.0,0.12462282180786133,1.1440386772155762,5705,3,1746599324.482975,1746599325.7516372
76.0,20.0,0.0803365707397461,0.989102840423584,5706,1,1746599241.6086702,1746599242.6781104
125.0,20.0,0.10098123550415039,0.9866857528686523,5706,2,1746599284.3642964,1746599285.4519641
174.0,20.0,0.14084315299987793,1.106607437133789,5706,3,1746599327.1103683,1746599328.3578196
76.0,20.0,0.10125279426574707,0.990548849105835,5707,1,1746599244.1326563,1746599245.224459
125.0,20.0,0.11494970321655273,1.004690170288086,5707,2,1746599286.8887403,1746599288.0083807
174.0,20.0,0.12798595428466797,1.0949583053588867,5707,3,1746599329.6307893,1746599330.8537338
76.0,20.0,0.09115242958068848,0.9943342208862305,5708,1,1746599246.6565785,1746599247.742066
125.0,20.0,0.131911039352417,1.0351345539093018,5708,2,1746599289.4056556,1746599290.5727017
174.0,20.0,0.14426326751708984,1.1405656337738037,5708,3,1746599332.1089349,1746599333.393764
76.0,20.0,0.08020997047424316,0.9717299938201904,5709,1,1746599249.1768594,1746599250.2288
125.0,20.0,0.1109461784362793,1.0125465393066406,5709,2,1746599291.9213102,1746599293.0448034
76.0,20.0,0.0983893871307373,0.9663550853729248,5710,1,1746599251.6964734,1746599252.761218
125.0,20.0,0.11644339561462402,0.9486067295074463,5710,2,1746599294.4472632,1746599295.5123138
76.0,20.0,0.11300826072692871,0.9611999988555908,5711,1,1746599254.2176716,1746599255.2918806
125.0,20.0,0.09856009483337402,1.0082886219024658,5711,2,1746599296.969909,1746599298.0767584
76.0,20.0,0.12023568153381348,0.9789776802062988,5712,1,1746599256.7383819,1746599257.837596
125.0,20.0,0.10860753059387207,1.017348289489746,5712,2,1746599299.4886186,1746599300.6145754
76.0,20.0,0.1138451099395752,0.987419605255127,5713,1,1746599259.254738,1746599260.356003
125.0,20.0,0.09672212600708008,1.0223169326782227,5713,2,1746599302.0121248,1746599303.1311643
76.0,20.0,0.11515498161315918,0.9978094100952148,5714,1,1746599261.8721013,1746599262.9850664
125.0,20.0,0.14091086387634277,1.0616910457611084,5714,2,1746599304.6355302,1746599305.838133
76.0,20.0,0.19336795806884766,0.9758861064910889,5715,1,1746599264.691677,1746599265.8609314
125.0,20.0,0.23633289337158203,1.0422859191894531,5715,2,1746599307.453085,1746599308.7317042
76.0,20.0,0.07589459419250488,0.969066858291626,5716,1,1746599266.9088676,1746599267.95383
125.0,20.0,0.10800433158874512,1.0346014499664307,5716,2,1746599309.667663,1746599310.8102694
76.0,20.0,0.10617947578430176,0.9706757068634033,5717,1,1746599269.4250066,1746599270.501863
125.0,20.0,0.11223626136779785,0.9891700744628906,5717,2,1746599312.183647,1746599313.2850537
76.0,20.0,0.12067174911499023,0.9668843746185303,5718,1,1746599271.9472857,1746599273.0348427
125.0,20.0,0.11893105506896973,0.9868319034576416,5718,2,1746599314.6992378,1746599315.805001
76.0,20.0,0.10328340530395508,0.9837970733642578,5719,1,1746599274.4647675,1746599275.5518482
125.0,20.0,0.11993575096130371,1.0052404403686523,5719,2,1746599317.220001,1746599318.3451777
76.0,20.0,0.08788776397705078,0.968003511428833,5720,1,1746599234.3595958,1746599235.4154875
125.0,20.0,0.08745837211608887,0.9921021461486816,5720,2,1746599277.082495,1746599278.1620557
174.0,20.0,0.13653182983398438,0.9828979969024658,5720,3,1746599319.8438344,1746599320.9632647
76.0,20.0,0.07574057579040527,0.9716567993164062,5721,1,1746599236.875262,1746599237.92266
125.0,20.0,0.13604521751403809,0.9849851131439209,5721,2,1746599279.631827,1746599280.752858
174.0,20.0,0.1437368392944336,1.0152842998504639,5721,3,1746599322.3642056,1746599323.5232272
76.0,20.0,0.11558341979980469,0.9747860431671143,5722,1,1746599239.3938181,1746599240.484188
125.0,20.0,0.12312626838684082,0.9968979358673096,5722,2,1746599282.1481156,1746599283.2681408
174.0,20.0,0.1589827537536621,0.9940402507781982,5722,3,1746599324.8850193,1746599326.0380428
76.0,20.0,0.11099433898925781,0.9508709907531738,5723,1,1746599241.9122674,1746599242.974133
125.0,20.0,0.11182284355163574,1.0096700191497803,5723,2,1746599284.6693232,1746599285.790817
174.0,20.0,0.1785416603088379,1.05938720703125,5723,3,1746599327.4119422,1746599328.6498716
76.0,20.0,0.13144898414611816,0.9841814041137695,5724,1,1746599244.5400326,1746599245.6556637
125.0,20.0,0.12895584106445312,1.0242245197296143,5724,2,1746599287.2902195,1746599288.4434001
174.0,20.0,0.18661880493164062,1.052799940109253,5724,3,1746599329.9940243,1746599331.2334433
76.0,20.0,0.12395834922790527,0.9789435863494873,5725,1,1746599247.0595434,1746599248.162446
125.0,20.0,0.12908029556274414,1.014714241027832,5725,2,1746599289.8077605,1746599290.9515555
174.0,20.0,0.1302051544189453,1.05149245262146,5725,3,1746599332.5108998,1746599333.692598
76.0,20.0,0.09346175193786621,0.975290060043335,5726,1,1746599249.5791798,1746599250.6479325
125.0,20.0,0.1195526123046875,1.0452773571014404,5726,2,1746599292.3229687,1746599293.4877994
76.0,20.0,0.12255644798278809,1.0006253719329834,5727,1,1746599252.099041,1746599253.2222233
125.0,20.0,0.32968688011169434,0.9689736366271973,5727,2,1746599295.450842,1746599296.7495027
76.0,20.0,0.07508063316345215,0.9849486351013184,5728,1,1746599254.6200848,1746599255.6801145
125.0,20.0,0.09682607650756836,0.9935293197631836,5728,2,1746599297.3717182,1746599298.4620743
76.0,20.0,0.09960818290710449,0.9852149486541748,5729,1,1746599257.140608,1746599258.2254322
125.0,20.0,0.09091687202453613,1.0082919597625732,5729,2,1746599299.890615,1746599300.989824
76.0,20.0,0.11522197723388672,0.9768772125244141,5730,1,1746599259.656802,1746599260.7489018
125.0,20.0,0.13356852531433105,1.0066337585449219,5730,2,1746599302.4151049,1746599303.555308
76.0,20.0,0.08374691009521484,0.9753789901733398,5731,1,1746599262.274289,1746599263.333416
125.0,20.0,0.12177205085754395,1.0343661308288574,5731,2,1746599305.0379791,1746599306.1941183
76.0,20.0,0.1525869369506836,0.9731829166412354,5732,1,1746599264.7921667,1746599265.9179375
125.0,20.0,0.10445332527160645,1.0816397666931152,5732,2,1746599307.5534408,1746599308.7395341
76.0,20.0,0.11438369750976562,0.9817719459533691,5733,1,1746599267.3107817,1746599268.406938
125.0,20.0,0.13010549545288086,1.040497064590454,5733,2,1746599310.0696094,1746599311.2402124
76.0,20.0,0.08038997650146484,0.983379602432251,5734,1,1746599269.8273106,1746599270.8910809
125.0,20.0,0.11342453956604004,1.0306017398834229,5734,2,1746599312.5861096,1746599313.7301366
76.0,20.0,0.11261391639709473,0.9894413948059082,5735,1,1746599272.3496027,1746599273.4516587
125.0,20.0,0.11956119537353516,1.059253215789795,5735,2,1746599315.1010818,1746599316.2798967
76.0,20.0,0.09126091003417969,0.9712364673614502,5736,1,1746599274.8668375,1746599275.9293356
125.0,20.0,0.1212761402130127,1.0594778060913086,5736,2,1746599317.6217103,1746599318.8024647
76.0,20.0,0.11765766143798828,0.9816741943359375,5737,1,1746599234.7623117,1746599235.8616443
125.0,20.0,0.11474084854125977,1.005575180053711,5737,2,1746599277.4847808,1746599278.6050973
174.0,20.0,0.1089162826538086,1.1380615234375,5737,3,1746599320.2455585,1746599321.4925368
76.0,20.0,0.0895087718963623,0.9928693771362305,5738,1,1746599237.2769337,1746599238.3593123
125.0,20.0,0.09305906295776367,1.0034027099609375,5738,2,1746599280.0337472,1746599281.1302102
174.0,20.0,0.08978533744812012,1.0594151020050049,5738,3,1746599322.7687714,1746599323.9179726
76.0,20.0,0.11273550987243652,0.980811595916748,5739,1,1746599239.7960398,1746599240.8895879
125.0,20.0,0.09270477294921875,1.0166356563568115,5739,2,1746599282.5500314,1746599283.6593726
174.0,20.0,0.154296875,0.9444348812103271,5739,3,1746599325.2870088,1746599326.385741
76.0,20.0,0.08983182907104492,0.9790968894958496,5740,1,1746599242.3170073,1746599243.385937
125.0,20.0,0.10964369773864746,0.9811110496520996,5740,2,1746599285.0733218,1746599286.164077
174.0,20.0,0.15198397636413574,1.0976862907409668,5740,3,1746599327.8180172,1746599329.067688
76.0,20.0,0.11362338066101074,0.9750049114227295,5741,1,1746599244.9431937,1746599246.031823
125.0,20.0,0.09032201766967773,0.9712896347045898,5741,2,1746599287.6921756,1746599288.7537885
174.0,20.0,0.12696194648742676,1.097752332687378,5741,3,1746599330.3959084,1746599331.620623
76.0,20.0,0.12151169776916504,0.978102445602417,5742,1,1746599247.462621,1746599248.5622356
125.0,20.0,0.09663891792297363,1.0509073734283447,5742,2,1746599290.2095973,1746599291.3571444
174.0,20.0,0.1509571075439453,1.1829326152801514,5742,3,1746599332.9133003,1746599334.2471905
76.0,20.0,0.0866851806640625,1.0013868808746338,5743,1,1746599249.9815285,1746599251.069601
125.0,20.0,0.10080814361572266,1.035675048828125,5743,2,1746599292.7286327,1746599293.8651164
76.0,20.0,0.11756300926208496,0.9742233753204346,5744,1,1746599252.5018604,1746599253.593648
125.0,20.0,0.33096790313720703,0.9633748531341553,5744,2,1746599295.4523046,1746599296.7466476
76.0,20.0,0.10744690895080566,0.9717998504638672,5745,1,1746599255.022057,1746599256.101304
125.0,20.0,0.11773490905761719,0.9860925674438477,5745,2,1746599297.7750876,1746599298.878916
76.0,20.0,0.07766103744506836,0.965339183807373,5746,1,1746599257.5427685,1746599258.5857692
125.0,20.0,0.09956765174865723,1.013176679611206,5746,2,1746599300.292881,1746599301.405626
76.0,20.0,0.09182047843933105,0.9561605453491211,5747,1,1746599260.0590677,1746599261.1070492
125.0,20.0,0.10856366157531738,1.0359253883361816,5747,2,1746599302.8172874,1746599303.961777
76.0,20.0,0.08362507820129395,0.982609748840332,5748,1,1746599262.6762903,1746599263.742526
125.0,20.0,0.11728167533874512,1.0524687767028809,5748,2,1746599305.4399195,1746599306.6096706
76.0,20.0,0.091094970703125,0.995539665222168,5749,1,1746599265.1964765,1746599266.2831123
125.0,20.0,0.1263751983642578,1.019446611404419,5749,2,1746599307.9554958,1746599309.101318
76.0,20.0,0.08151674270629883,0.9951844215393066,5750,1,1746599267.712923,1746599268.7896254
125.0,20.0,0.13777995109558105,1.0601894855499268,5750,2,1746599310.4720147,1746599311.6699846
76.0,20.0,0.1083977222442627,0.9940099716186523,5751,1,1746599270.230291,1746599271.332699
125.0,20.0,0.13224196434020996,1.0660159587860107,5751,2,1746599312.9884117,1746599314.1866698
76.0,20.0,0.08946585655212402,0.979902982711792,5752,1,1746599272.7513125,1746599273.8206818
125.0,20.0,0.11334753036499023,1.0142700672149658,5752,2,1746599315.5051382,1746599316.6327562
76.0,20.0,0.11562657356262207,0.9655489921569824,5753,1,1746599275.2689714,1746599276.3501472
125.0,20.0,0.11624503135681152,0.9857227802276611,5753,2,1746599318.0270371,1746599319.1290052
76.0,20.0,0.08899617195129395,0.9774160385131836,5754,1,1746599235.1646805,1746599236.2310934
125.0,20.0,0.10871028900146484,0.9825053215026855,5754,2,1746599277.8886387,1746599278.9798548
174.0,20.0,0.11792469024658203,1.0186758041381836,5754,3,1746599320.6480522,1746599321.7846534
76.0,20.0,0.1190800666809082,0.9681181907653809,5755,1,1746599237.678879,1746599238.7660778
125.0,20.0,0.12335610389709473,0.9880492687225342,5755,2,1746599280.4361832,1746599281.5475893
174.0,20.0,0.12904095649719238,1.1109974384307861,5755,3,1746599323.172092,1746599324.4121308
76.0,20.0,0.09021472930908203,0.9619874954223633,5756,1,1746599240.1982095,1746599241.2504125
125.0,20.0,0.12348604202270508,0.9912631511688232,5756,2,1746599282.952478,1746599284.0672276
174.0,20.0,0.4352986812591553,1.0130610466003418,5756,3,1746599326.0978777,1746599327.5462377
76.0,20.0,0.11649179458618164,0.9550881385803223,5757,1,1746599242.7190917,1746599243.7906725
125.0,20.0,0.08706068992614746,1.0088310241699219,5757,2,1746599285.4755547,1746599286.5714471
174.0,20.0,0.14017629623413086,1.1031494140625,5757,3,1746599328.2197897,1746599329.4631162
76.0,20.0,0.08623862266540527,0.9584119319915771,5758,1,1746599245.2450438,1746599246.2896955
125.0,20.0,0.12259101867675781,1.0332729816436768,5758,2,1746599287.9946332,1746599289.1504977
174.0,20.0,0.15501976013183594,1.103264331817627,5758,3,1746599330.697494,1746599331.9557786
76.0,20.0,0.0957334041595459,0.9667582511901855,5759,1,1746599247.86818,1746599248.9306722
125.0,20.0,0.12268376350402832,1.048156976699829,5759,2,1746599290.6115808,1746599291.7824223
174.0,20.0,0.12974977493286133,1.0520708560943604,5759,3,1746599333.3154094,1746599334.4972305
76.0,20.0,0.11649680137634277,0.9773404598236084,5760,1,1746599250.384392,1746599251.47823
125.0,20.0,0.1322622299194336,1.0360407829284668,5760,2,1746599293.134921,1746599294.3032246
76.0,20.0,0.07414865493774414,0.969001293182373,5761,1,1746599252.9069405,1746599253.9500911
125.0,20.0,0.09196186065673828,1.0950977802276611,5761,2,1746599295.657892,1746599296.8449519
76.0,20.0,0.08144593238830566,0.9726030826568604,5762,1,1746599255.4294295,1746599256.4834793
125.0,20.0,0.12147808074951172,1.033318281173706,5762,2,1746599298.1780417,1746599299.332839
76.0,20.0,0.11503815650939941,0.9786272048950195,5763,1,1746599257.94518,1746599259.0388458
125.0,20.0,0.0767052173614502,1.0190613269805908,5763,2,1746599300.698429,1746599301.7941961
76.0,20.0,0.11363673210144043,0.9860506057739258,5764,1,1746599260.4612517,1746599261.5609396
125.0,20.0,0.12094521522521973,1.0582711696624756,5764,2,1746599303.2198339,1746599304.399051
76.0,20.0,0.11218500137329102,0.9452269077301025,5765,1,1746599262.9785964,1746599264.0360093
125.0,20.0,0.09545469284057617,0.9705252647399902,5765,2,1746599305.7416954,1746599306.8076758
76.0,20.0,0.07974553108215332,0.9738874435424805,5766,1,1746599265.5998943,1746599266.6535277
125.0,20.0,0.11652112007141113,1.0683298110961914,5766,2,1746599308.3587894,1746599309.543641
76.0,20.0,0.11453557014465332,0.9803869724273682,5767,1,1746599268.1179159,1746599269.2128386
125.0,20.0,0.11354637145996094,1.0092451572418213,5767,2,1746599310.8743649,1746599311.9971566
76.0,20.0,0.08716559410095215,0.965813159942627,5768,1,1746599270.6355522,1746599271.6885314
125.0,20.0,0.09343624114990234,1.035062551498413,5768,2,1746599313.390531,1746599314.5190303
76.0,20.0,0.09840631484985352,0.9840099811553955,5769,1,1746599273.1572363,1746599274.239653
125.0,20.0,0.09700417518615723,1.0163929462432861,5769,2,1746599315.9070897,1746599317.0204873
76.0,20.0,0.09910917282104492,0.9761841297149658,5770,1,1746599275.670772,1746599276.7460659
125.0,20.0,0.11447882652282715,1.0490925312042236,5770,2,1746599318.4289017,1746599319.5924735
76.0,20.0,0.11890196800231934,0.9684982299804688,5771,1,1746599235.566803,1746599236.654204
125.0,20.0,0.09148740768432617,0.9974095821380615,5771,2,1746599278.2932913,1746599279.3821888
174.0,20.0,0.14597630500793457,1.0702733993530273,5771,3,1746599321.0499814,1746599322.2662313
76.0,20.0,0.11476874351501465,0.9762568473815918,5772,1,1746599238.0839097,1746599239.1749363
125.0,20.0,0.08732438087463379,1.0006308555603027,5772,2,1746599280.83769,1746599281.9256458
174.0,20.0,0.13888788223266602,1.1407129764556885,5772,3,1746599323.5761204,1746599324.8557217
76.0,20.0,0.10127687454223633,0.9859626293182373,5773,1,1746599240.6026134,1746599241.6898534
125.0,20.0,0.0879831314086914,1.0120813846588135,5773,2,1746599283.3545043,1746599284.4545703
174.0,20.0,0.43393611907958984,1.0133044719696045,5773,3,1746599326.1007254,1746599327.5479665
76.0,20.0,0.0752875804901123,0.97393798828125,5774,1,1746599243.125588,1746599244.1748142
125.0,20.0,0.12230491638183594,1.0406444072723389,5774,2,1746599285.8777812,1746599287.0407312
174.0,20.0,0.11922740936279297,1.1681952476501465,5774,3,1746599328.621891,1746599329.909315
76.0,20.0,0.10836005210876465,0.9881727695465088,5775,1,1746599245.6521943,1746599246.7487276
125.0,20.0,0.09446287155151367,0.9713137149810791,5775,2,1746599288.397636,1746599289.4634132
174.0,20.0,0.1423346996307373,1.0124256610870361,5775,3,1746599331.0994596,1746599332.2542207
76.0,20.0,0.09911656379699707,0.9733645915985107,5776,1,1746599248.270501,1746599249.3429828
125.0,20.0,0.11340904235839844,1.0137569904327393,5776,2,1746599291.0158417,1746599292.1430082
174.0,20.0,0.11893916130065918,1.0515966415405273,5776,3,1746599333.7177658,1746599334.888302
76.0,20.0,0.1168982982635498,0.9945452213287354,5777,1,1746599250.7904732,1746599251.901917
125.0,20.0,0.12224745750427246,1.0578546524047852,5777,2,1746599293.542464,1746599294.7225668
76.0,20.0,0.12857866287231445,0.9890706539154053,5778,1,1746599253.3087316,1746599254.4263813
125.0,20.0,0.09884810447692871,1.0390651226043701,5778,2,1746599296.0598607,1746599297.1977746
76.0,20.0,0.10586023330688477,0.9926812648773193,5779,1,1746599255.834395,1746599256.932937
125.0,20.0,0.11544489860534668,0.9990971088409424,5779,2,1746599298.583104,1746599299.6976466
76.0,20.0,0.0892939567565918,0.9799249172210693,5780,1,1746599258.3497024,1746599259.418922
125.0,20.0,0.11400175094604492,0.9962701797485352,5780,2,1746599301.103934,1746599302.2142067
76.0,20.0,0.0929563045501709,0.9766063690185547,5781,1,1746599260.8661401,1746599261.9357035
125.0,20.0,0.11706757545471191,1.0103178024291992,5781,2,1746599303.6224918,1746599304.7498777
76.0,20.0,0.11760640144348145,1.0063190460205078,5782,1,1746599263.3851602,1746599264.5090866
125.0,20.0,0.12296605110168457,1.0339655876159668,5782,2,1746599306.143727,1746599307.3006594
76.0,20.0,0.12026357650756836,0.9835281372070312,5783,1,1746599266.0043886,1746599267.108181
125.0,20.0,0.09549665451049805,0.9858930110931396,5783,2,1746599308.7605755,1746599309.841966
76.0,20.0,0.0929863452911377,0.9789600372314453,5784,1,1746599268.5202038,1746599269.5921507
125.0,20.0,0.13885498046875,1.0522706508636475,5784,2,1746599311.2763011,1746599312.4674275
76.0,20.0,0.11901283264160156,0.9956014156341553,5785,1,1746599271.0425947,1746599272.1572094
125.0,20.0,0.09012389183044434,1.063908338546753,5785,2,1746599313.7923317,1746599314.9463644
76.0,20.0,0.10007977485656738,0.9905898571014404,5786,1,1746599273.5595028,1746599274.6501732
125.0,20.0,0.0952458381652832,1.0595133304595947,5786,2,1746599316.311251,1746599317.4660108
76.0,20.0,0.11587786674499512,0.9909758567810059,5787,1,1746599276.0755594,1746599277.1824143
125.0,20.0,0.10017204284667969,1.0502076148986816,5787,2,1746599318.8313873,1746599319.9817674
76.0,20.0,0.10049724578857422,0.9896769523620605,5788,1,1746599235.9690096,1746599237.0591843
125.0,20.0,0.1217198371887207,0.9994292259216309,5788,2,1746599278.6956348,1746599279.8167844
174.0,20.0,0.0985410213470459,1.008504867553711,5788,3,1746599321.4518495,1746599322.558896
76.0,20.0,0.08649468421936035,0.9874782562255859,5789,1,1746599238.4865284,1746599239.5605018
125.0,20.0,0.12203216552734375,1.0082528591156006,5789,2,1746599281.2422566,1746599282.3725421
174.0,20.0,0.13215374946594238,1.0948784351348877,5789,3,1746599323.977862,1746599325.2048943
76.0,20.0,0.09607172012329102,0.9756741523742676,5790,1,1746599241.0051706,1746599242.076917
125.0,20.0,0.1305985450744629,0.9913063049316406,5790,2,1746599283.7613885,1746599284.8832939
174.0,20.0,0.16218090057373047,1.2842068672180176,5790,3,1746599326.5074728,1746599327.9538608
76.0,20.0,0.11211729049682617,0.9951202869415283,5791,1,1746599243.5294535,1746599244.636692
125.0,20.0,0.11864185333251953,1.020437479019165,5791,2,1746599286.2820337,1746599287.4211133
174.0,20.0,0.13849377632141113,1.1548304557800293,5791,3,1746599329.0242736,1746599330.3175986
76.0,20.0,0.08802056312561035,0.9766912460327148,5792,1,1746599246.0533068,1746599247.118019
125.0,20.0,0.13627219200134277,1.0169475078582764,5792,2,1746599288.8026557,1746599289.9558759
174.0,20.0,0.11761617660522461,1.1030690670013428,5792,3,1746599331.5014527,1746599332.7221386
76.0,20.0,0.09792613983154297,0.9887535572052002,5793,1,1746599248.673023,1746599249.7597034
125.0,20.0,0.11739540100097656,1.0322990417480469,5793,2,1746599291.4181921,1746599292.567887
76.0,20.0,0.09576272964477539,0.9955165386199951,5794,1,1746599251.1932101,1746599252.2844899
125.0,20.0,0.09279298782348633,1.0202181339263916,5794,2,1746599293.9444354,1746599295.057447
76.0,20.0,0.09848999977111816,0.9948396682739258,5795,1,1746599253.7141175,1746599254.8074484
125.0,20.0,0.08539676666259766,1.0173122882843018,5795,2,1746599296.4621735,1746599297.564883
76.0,20.0,0.0841372013092041,0.9694790840148926,5796,1,1746599256.2360365,1746599257.2896533
125.0,20.0,0.11264801025390625,1.018744707107544,5796,2,1746599298.9853604,1746599300.1167536
76.0,20.0,0.10179305076599121,0.9679317474365234,5797,1,1746599258.7516272,1746599259.8213527
125.0,20.0,0.11948680877685547,1.0242547988891602,5797,2,1746599301.5094142,1746599302.6531568
76.0,20.0,0.11960053443908691,0.9707143306732178,5798,1,1746599261.2689924,1746599262.3593078
125.0,20.0,0.1877613067626953,0.9665255546569824,5798,2,1746599304.0289886,1746599305.183276
76.0,20.0,0.09689855575561523,0.944751501083374,5799,1,1746599263.7872522,1746599264.8289034
125.0,20.0,0.09270906448364258,0.9550631046295166,5799,2,1746599306.5493152,1746599307.597088
76.0,20.0,0.0877692699432373,0.9920449256896973,5800,1,1746599266.4063199,1746599267.4861345
125.0,20.0,0.11386299133300781,1.0561938285827637,5800,2,1746599309.1650286,1746599310.3350859
76.0,20.0,0.11912178993225098,0.9772038459777832,5801,1,1746599268.9226975,1746599270.0190237
125.0,20.0,0.11312580108642578,1.027101755142212,5801,2,1746599311.6805868,1746599312.8208156
76.0,20.0,0.09640264511108398,0.9713048934936523,5802,1,1746599271.4440298,1746599272.5117378
125.0,20.0,0.11488747596740723,1.0566496849060059,5802,2,1746599314.1964464,1746599315.367984
76.0,20.0,0.07754635810852051,0.9675190448760986,5803,1,1746599273.962473,1746599275.0075395
125.0,20.0,0.11564898490905762,1.0135436058044434,5803,2,1746599316.7168646,1746599317.8460577
76.0,20.0,0.0908513069152832,0.9719324111938477,5804,1,1746599276.477554,1746599277.5403385
125.0,20.0,0.08924078941345215,0.9986023902893066,5804,2,1746599319.2369456,1746599320.3247893
76.0,20.0,0.07763838768005371,0.966841459274292,5805,1,1746599236.3721478,1746599237.416628
125.0,20.0,0.10132265090942383,0.9791889190673828,5805,2,1746599279.097417,1746599280.1779294
174.0,20.0,0.11520719528198242,1.0324184894561768,5805,3,1746599321.8576891,1746599323.0053155
76.0,20.0,0.0945582389831543,0.9765520095825195,5806,1,1746599238.8887386,1746599239.9598498
125.0,20.0,0.11915183067321777,0.979684591293335,5806,2,1746599281.6457074,1746599282.7445455
174.0,20.0,0.11433696746826172,1.1137616634368896,5806,3,1746599324.3824944,1746599325.6105936
76.0,20.0,0.12256693840026855,0.9774515628814697,5807,1,1746599241.40755,1746599242.5075693
125.0,20.0,0.07715272903442383,0.9913101196289062,5807,2,1746599284.1632686,1746599285.2317321
174.0,20.0,0.1467583179473877,1.1504335403442383,5807,3,1746599326.9095287,1746599328.2067213
76.0,20.0,0.09090399742126465,0.970393180847168,5808,1,1746599243.9317212,1746599244.9930196
125.0,20.0,0.10748291015625,0.992267370223999,5808,2,1746599286.685134,1746599287.784885
174.0,20.0,0.1298985481262207,1.053236722946167,5808,3,1746599329.4295826,1746599330.6127183
76.0,20.0,0.11439847946166992,0.9554986953735352,5809,1,1746599246.4555848,1746599247.5254827
125.0,20.0,0.10686874389648438,1.0600826740264893,5809,2,1746599289.2047322,1746599290.371684
174.0,20.0,0.1520824432373047,1.0067434310913086,5809,3,1746599331.9066067,1746599333.0654333
76.0,20.0,0.12126541137695312,0.9821295738220215,5810,1,1746599249.0760012,1746599250.1793966
125.0,20.0,0.13548517227172852,1.0142710208892822,5810,2,1746599291.820771,1746599292.970528
76.0,20.0,0.08955955505371094,0.9638817310333252,5811,1,1746599251.5957015,1746599252.6491432
125.0,20.0,0.0924832820892334,0.9972097873687744,5811,2,1746599294.3468537,1746599295.436547
76.0,20.0,0.10370373725891113,0.9613223075866699,5812,1,1746599254.1166823,1746599255.181709
125.0,20.0,0.0812993049621582,1.0289335250854492,5812,2,1746599296.867408,1746599297.977641
76.0,20.0,0.11160850524902344,0.9782195091247559,5813,1,1746599256.6378968,1746599257.7277253
125.0,20.0,0.11920499801635742,0.9920430183410645,5813,2,1746599299.387758,1746599300.4990067
76.0,20.0,0.10488581657409668,0.9826064109802246,5814,1,1746599259.1539133,1746599260.2414064
125.0,20.0,0.13254690170288086,0.9827733039855957,5814,2,1746599301.9115727,1746599303.0268936
76.0,20.0,0.10902142524719238,0.9811160564422607,5815,1,1746599261.6709466,1746599262.761085
125.0,20.0,0.11649298667907715,1.0077495574951172,5815,2,1746599304.4346387,1746599305.5588818
76.0,20.0,0.1896367073059082,0.9785215854644775,5816,1,1746599264.692881,1746599265.8610396
125.0,20.0,0.23313665390014648,1.0449793338775635,5816,2,1746599307.455407,1746599308.7335231
76.0,20.0,0.11497902870178223,0.9816403388977051,5817,1,1746599266.8082643,1746599267.9048846
125.0,20.0,0.13274002075195312,1.0354268550872803,5817,2,1746599309.5671566,1746599310.735324
76.0,20.0,0.0960836410522461,0.9720513820648193,5818,1,1746599269.3245995,1746599270.392735
125.0,20.0,0.13665175437927246,1.0183022022247314,5818,2,1746599312.0831819,1746599313.2381363
76.0,20.0,0.1129450798034668,0.9758956432342529,5819,1,1746599271.8464644,1746599272.935306
125.0,20.0,0.09311819076538086,1.0142290592193604,5819,2,1746599314.5986996,1746599315.706047
76.0,20.0,0.09422850608825684,0.9801654815673828,5820,1,1746599274.364464,1746599275.4388585
125.0,20.0,0.09694337844848633,1.0033824443817139,5820,2,1746599317.1195152,1746599318.2198415
76.0,20.0,0.07885551452636719,0.9784624576568604,5821,1,1746599234.2589605,1746599235.316279
125.0,20.0,0.1284492015838623,1.0032951831817627,5821,2,1746599276.9807763,1746599278.1125214
174.0,20.0,0.14388227462768555,1.0205028057098389,5821,3,1746599319.7435877,1746599320.9079733
76.0,20.0,0.11760520935058594,0.9810655117034912,5822,1,1746599236.7746422,1746599237.873314
125.0,20.0,0.18431448936462402,0.9952945709228516,5822,2,1746599279.5227168,1746599280.7023265
174.0,20.0,0.08235049247741699,1.1048309803009033,5822,3,1746599322.2628443,1746599323.4500263
76.0,20.0,0.10595226287841797,0.9753947257995605,5823,1,1746599239.2931893,1746599240.3745368
125.0,20.0,0.1153862476348877,1.0063252449035645,5823,2,1746599282.047569,1746599283.1692808
174.0,20.0,0.16350150108337402,1.0518481731414795,5823,3,1746599324.7845182,1746599325.9998686
76.0,20.0,0.09940218925476074,0.9660758972167969,5824,1,1746599241.8099413,1746599242.8754203
125.0,20.0,0.09990715980529785,1.0233006477355957,5824,2,1746599284.5667522,1746599285.689961
174.0,20.0,0.13659262657165527,1.106196641921997,5824,3,1746599327.3113747,1746599328.5541646
76.0,20.0,0.10787439346313477,0.9899189472198486,5825,1,1746599244.336729,1746599245.434523
125.0,20.0,0.13944315910339355,0.988154411315918,5825,2,1746599287.0907218,1746599288.21832
174.0,20.0,0.13509702682495117,1.1383216381072998,5825,3,1746599329.9098463,1746599331.1832657
76.0,20.0,0.10802459716796875,0.9749472141265869,5826,1,1746599246.8581336,1746599247.941106
125.0,20.0,0.10435009002685547,1.012340784072876,5826,2,1746599289.606802,1746599290.7234933
174.0,20.0,0.13544988632202148,1.0983495712280273,5826,3,1746599332.3098354,1746599333.5436354
76.0,20.0,0.08580899238586426,0.9853389263153076,5827,1,1746599249.3783832,1746599250.4495316
125.0,20.0,0.09598207473754883,1.068173885345459,5827,2,1746599292.1222613,1746599293.2864187
76.0,20.0,0.11376142501831055,1.010481834411621,5828,1,1746599251.9984725,1746599253.1227162
125.0,20.0,0.3286259174346924,0.967426061630249,5828,2,1746599295.4535923,1746599296.7496445
76.0,20.0,0.11648869514465332,0.994293212890625,5829,1,1746599254.519416,1746599255.6301987
125.0,20.0,0.12198591232299805,1.0195510387420654,5829,2,1746599297.2710953,1746599298.4126332
76.0,20.0,0.08798789978027344,0.9785947799682617,5830,1,1746599257.0398433,1746599258.1064265
125.0,20.0,0.11711549758911133,1.0333755016326904,5830,2,1746599299.7900474,1746599300.9405391
76.0,20.0,0.0831444263458252,0.9863955974578857,5831,1,1746599259.5562222,1746599260.6257634
125.0,20.0,0.11473488807678223,1.01375412940979,5831,2,1746599302.3143928,1746599303.4428823
76.0,20.0,0.12473845481872559,0.9760050773620605,5832,1,1746599262.073301,1746599263.174045
125.0,20.0,0.09948897361755371,1.0305581092834473,5832,2,1746599304.8366396,1746599305.9666874
76.0,20.0,0.19072794914245605,0.9765515327453613,5833,1,1746599264.693867,1746599265.8611467
125.0,20.0,0.23345661163330078,1.0431318283081055,5833,2,1746599307.456724,1746599308.7333126
76.0,20.0,0.10476875305175781,0.9812123775482178,5834,1,1746599267.2102475,1746599268.2962294
125.0,20.0,0.15555262565612793,1.06589937210083,5834,2,1746599309.9689734,1746599311.1904259
76.0,20.0,0.12180757522583008,0.9923737049102783,5835,1,1746599269.726567,1746599270.8407488
125.0,20.0,0.12322187423706055,1.0782108306884766,5835,2,1746599312.4853106,1746599313.6867437
76.0,20.0,0.08667874336242676,0.9706406593322754,5836,1,1746599272.2491758,1746599273.3064966
125.0,20.0,0.0933690071105957,1.037222146987915,5836,2,1746599315.000598,1746599316.1311896
76.0,20.0,0.12061238288879395,0.9832899570465088,5837,1,1746599274.7662423,1746599275.8701448
125.0,20.0,0.09485888481140137,1.029141902923584,5837,2,1746599317.5210838,1746599318.6450849
76.0,20.0,0.11363434791564941,0.9874181747436523,5838,1,1746599234.6616652,1746599235.7627187
125.0,20.0,0.10604143142700195,1.0149657726287842,5838,2,1746599277.3841195,1746599278.5051272
174.0,20.0,0.09862303733825684,1.0996453762054443,5838,3,1746599320.1450722,1746599321.343341
76.0,20.0,0.09530496597290039,0.971703052520752,5839,1,1746599237.1764214,1746599238.2434304
125.0,20.0,0.10846447944641113,0.99517822265625,5839,2,1746599279.9331932,1746599281.0368364
174.0,20.0,0.1285548210144043,1.071864128112793,5839,3,1746599322.6681266,1746599323.8685458
76.0,20.0,0.10479140281677246,0.990004301071167,5840,1,1746599239.6953895,1746599240.790186
125.0,20.0,0.10936117172241211,0.9826867580413818,5840,2,1746599282.449441,1746599283.5414894
174.0,20.0,0.1141049861907959,0.988152265548706,5840,3,1746599325.1863759,1746599326.2886336
76.0,20.0,0.08163022994995117,0.9883036613464355,5841,1,1746599242.2165408,1746599243.2864752
125.0,20.0,0.1344285011291504,0.993607759475708,5841,2,1746599284.9726415,1746599286.1006782
174.0,20.0,0.11369729042053223,1.1362183094024658,5841,3,1746599327.717529,1746599328.9674456
76.0,20.0,0.1028127670288086,0.9891655445098877,5842,1,1746599244.741295,1746599245.8332741
125.0,20.0,0.11471033096313477,0.9863884449005127,5842,2,1746599287.491206,1746599288.5923054
174.0,20.0,0.13095521926879883,1.0057926177978516,5842,3,1746599330.1949615,1746599331.3317099
76.0,20.0,0.11536478996276855,0.9884970188140869,5843,1,1746599247.261287,1746599248.3651495
125.0,20.0,0.12225914001464844,1.0742559432983398,5843,2,1746599290.0087807,1746599291.2052968
174.0,20.0,0.12084770202636719,1.0046238899230957,5843,3,1746599332.7121804,1746599333.8376524
76.0,20.0,0.11555075645446777,0.9503817558288574,5844,1,1746599249.7805698,1746599250.846503
125.0,20.0,0.14096522331237793,1.0006890296936035,5844,2,1746599292.5243127,1746599293.6659675
76.0,20.0,0.11342239379882812,1.0001893043518066,5845,1,1746599252.4013703,1746599253.514983
125.0,20.0,0.3269462585449219,0.967552900314331,5845,2,1746599295.4548626,1746599296.749362
76.0,20.0,0.09259986877441406,0.9782357215881348,5846,1,1746599254.9215372,1746599255.992373
125.0,20.0,0.10595273971557617,0.998065710067749,5846,2,1746599297.6730955,1746599298.7771146
76.0,20.0,0.11661934852600098,0.9778401851654053,5847,1,1746599257.4422083,1746599258.536668
125.0,20.0,0.08721089363098145,1.0263359546661377,5847,2,1746599300.192248,1746599301.3057957
76.0,20.0,0.08398818969726562,0.9661805629730225,5848,1,1746599259.9583833,1746599261.0085528
125.0,20.0,0.09739255905151367,1.0477473735809326,5848,2,1746599302.7166512,1746599303.8617918
76.0,20.0,0.102569580078125,0.9755988121032715,5849,1,1746599262.4753156,1746599263.553485
125.0,20.0,0.12150001525878906,1.0065803527832031,5849,2,1746599305.2391176,1746599306.3671982
76.0,20.0,0.08270835876464844,1.002859115600586,5850,1,1746599264.9966018,1746599266.0821698
125.0,20.0,0.10045337677001953,1.0344181060791016,5850,2,1746599307.7550387,1746599308.8899107
76.0,20.0,0.08162879943847656,0.9611186981201172,5851,1,1746599267.5120146,1746599268.554763
125.0,20.0,0.1305406093597412,1.0158376693725586,5851,2,1746599310.2708938,1746599311.4172726
76.0,20.0,0.10114717483520508,0.9932949542999268,5852,1,1746599270.1283154,1746599271.222758
125.0,20.0,0.11301708221435547,1.0591888427734375,5852,2,1746599312.8878396,1746599314.0600462
76.0,20.0,0.07885003089904785,0.9801177978515625,5853,1,1746599272.6509175,1746599273.7098866
125.0,20.0,0.13843107223510742,1.0402188301086426,5853,2,1746599315.4043837,1746599316.5830343
76.0,20.0,0.10630273818969727,0.9666352272033691,5854,1,1746599275.1682525,1746599276.241191
125.0,20.0,0.1387786865234375,0.9865524768829346,5854,2,1746599317.9266374,1746599319.051969
76.0,20.0,0.10361766815185547,0.9912199974060059,5855,1,1746599235.064038,1746599236.1588764
125.0,20.0,0.10044217109680176,0.9935758113861084,5855,2,1746599277.7858663,1746599278.8798847
174.0,20.0,0.12176632881164551,1.0660889148712158,5855,3,1746599320.547441,1746599321.7352967
76.0,20.0,0.11441874504089355,0.974846601486206,5856,1,1746599237.5780802,1746599238.6673465
125.0,20.0,0.11530685424804688,0.9950432777404785,5856,2,1746599280.335333,1746599281.4456837
174.0,20.0,0.13408875465393066,1.1586005687713623,5856,3,1746599323.070202,1746599324.3628924
76.0,20.0,0.07947611808776855,0.9752116203308105,5857,1,1746599240.0975382,1746599241.1522272
125.0,20.0,0.11533689498901367,0.9901149272918701,5857,2,1746599282.8517292,1746599283.9571817
174.0,20.0,0.43072962760925293,1.0144619941711426,5857,3,1746599326.1029148,1746599327.5481067
76.0,20.0,0.10596799850463867,0.968189001083374,5858,1,1746599242.618289,1746599243.6924467
125.0,20.0,0.07530856132507324,1.0207877159118652,5858,2,1746599285.374988,1746599286.4710846
174.0,20.0,0.1409912109375,1.1071586608886719,5858,3,1746599328.1192832,1746599329.3674338
76.0,20.0,0.07845330238342285,0.9685831069946289,5859,1,1746599245.144481,1746599246.1915185
125.0,20.0,0.1133263111114502,1.042576551437378,5859,2,1746599287.894022,1746599289.0499253
174.0,20.0,0.15971136093139648,1.1485908031463623,5859,3,1746599330.5970192,1746599331.905322
76.0,20.0,0.09153342247009277,0.954552412033081,5860,1,1746599247.6638596,1746599248.709946
125.0,20.0,0.09551644325256348,1.0012712478637695,5860,2,1746599290.4110458,1746599291.5078344
174.0,20.0,0.136857271194458,1.095266580581665,5860,3,1746599333.114669,1746599334.3467934
76.0,20.0,0.10551166534423828,0.9802305698394775,5861,1,1746599250.1830523,1746599251.2687955
125.0,20.0,0.11152935028076172,1.032202959060669,5861,2,1746599292.9322283,1746599294.075961
76.0,20.0,0.12002277374267578,0.977717399597168,5862,1,1746599252.8032744,1746599253.901015
125.0,20.0,0.2240898609161377,0.9652440547943115,5862,2,1746599295.5572057,1746599296.74654
76.0,20.0,0.12712955474853516,0.9798803329467773,5863,1,1746599255.3263128,1746599256.4333231
125.0,20.0,0.1128547191619873,1.0419318675994873,5863,2,1746599298.077471,1746599299.2322583
76.0,20.0,0.10429573059082031,0.9918117523193359,5864,1,1746599257.8445833,1746599258.9406912
125.0,20.0,0.09811186790466309,0.9990389347076416,5864,2,1746599300.5977104,1746599301.6948617
76.0,20.0,0.10325837135314941,0.9841115474700928,5865,1,1746599260.3606129,1746599261.447984
125.0,20.0,0.1339561939239502,1.0067410469055176,5865,2,1746599303.1191497,1746599304.2598474
76.0,20.0,0.10620379447937012,0.956235408782959,5866,1,1746599262.877954,1746599263.940394
125.0,20.0,0.1200106143951416,1.0027103424072266,5866,2,1746599305.6410444,1746599306.7637656
76.0,20.0,0.10850811004638672,0.9882609844207764,5867,1,1746599265.3986602,1746599266.4954305
125.0,20.0,0.12540626525878906,0.9967300891876221,5867,2,1746599308.1575985,1746599309.2797353
76.0,20.0,0.09972500801086426,0.9744927883148193,5868,1,1746599267.9139404,1746599268.988159
125.0,20.0,0.13585376739501953,1.0118052959442139,5868,2,1746599310.6731899,1746599311.8208494
76.0,20.0,0.08039093017578125,0.9775111675262451,5869,1,1746599270.5318582,1746599271.5897608
125.0,20.0,0.12017154693603516,1.0331032276153564,5869,2,1746599313.289754,1746599314.4430292
76.0,20.0,0.09392118453979492,0.9935562610626221,5870,1,1746599273.0527399,1746599274.1402178
125.0,20.0,0.1223609447479248,1.0401334762573242,5870,2,1746599315.806499,1746599316.9689941
76.0,20.0,0.09042906761169434,0.9862606525421143,5871,1,1746599275.5702434,1746599276.6469336
125.0,20.0,0.0897068977355957,1.0723934173583984,5871,2,1746599318.328467,1746599319.490568
76.0,20.0,0.11220860481262207,0.9778342247009277,5872,1,1746599235.4663188,1746599236.5563624
125.0,20.0,0.08307552337646484,1.0091300010681152,5872,2,1746599278.1899233,1746599279.2821295
174.0,20.0,0.15281367301940918,1.111584186553955,5872,3,1746599320.9495804,1746599322.2139788
76.0,20.0,0.09928154945373535,0.9935464859008789,5873,1,1746599237.9833395,1746599239.0761685
125.0,20.0,0.12567377090454102,1.0116760730743408,5873,2,1746599280.7371695,1746599281.8745198
174.0,20.0,0.14275074005126953,1.1848928928375244,5873,3,1746599323.4752069,1746599324.802851
76.0,20.0,0.09012389183044434,0.9847111701965332,5874,1,1746599240.5021026,1746599241.5769384
125.0,20.0,0.12450551986694336,1.026428461074829,5874,2,1746599283.253886,1746599284.404821
174.0,20.0,0.4275360107421875,1.013505220413208,5874,3,1746599326.1050925,1746599327.5461345
76.0,20.0,0.11647915840148926,0.9844670295715332,5875,1,1746599243.0249777,1746599244.1259246
125.0,20.0,0.13670110702514648,0.979440450668335,5875,2,1746599285.7771626,1746599286.8933046
174.0,20.0,0.1253960132598877,1.110854148864746,5875,3,1746599328.521257,1746599329.7575076
76.0,20.0,0.10132837295532227,0.9844765663146973,5876,1,1746599245.5502183,1746599246.6360242
125.0,20.0,0.12066864967346191,1.0012784004211426,5876,2,1746599288.2962646,1746599289.4182122
174.0,20.0,0.14661765098571777,1.0119752883911133,5876,3,1746599330.9989305,1746599332.1575239
76.0,20.0,0.09122800827026367,0.9824991226196289,5877,1,1746599248.0694995,1746599249.143227
125.0,20.0,0.1381549835205078,1.041961431503296,5877,2,1746599290.8126287,1746599291.9927456
174.0,20.0,0.12208700180053711,0.9566745758056641,5877,3,1746599333.5166347,1746599334.5953968
76.0,20.0,0.07645559310913086,0.9601991176605225,5878,1,1746599250.589189,1746599251.625845
125.0,20.0,0.13048148155212402,1.025343656539917,5878,2,1746599293.3371108,1746599294.4929364
76.0,20.0,0.09253430366516113,0.9685578346252441,5879,1,1746599253.2082586,1746599254.2693512
125.0,20.0,0.1377716064453125,1.04986572265625,5879,2,1746599295.9594083,1746599297.147046
76.0,20.0,0.0957803726196289,0.9692423343658447,5880,1,1746599255.733847,1746599256.7988703
125.0,20.0,0.09301614761352539,1.0253403186798096,5880,2,1746599298.479928,1746599299.5982852
76.0,20.0,0.07729864120483398,0.9831976890563965,5881,1,1746599258.2490494,1746599259.3095462
125.0,20.0,0.09948277473449707,1.0091466903686523,5881,2,1746599301.0016081,1746599302.1102386
76.0,20.0,0.08020305633544922,0.98431396484375,5882,1,1746599260.7654626,1746599261.8299804
125.0,20.0,0.09231829643249512,1.0360581874847412,5882,2,1746599303.5216267,1746599304.6500037
76.0,20.0,0.11369705200195312,1.0201680660247803,5883,1,1746599263.284355,1746599264.4182208
125.0,20.0,0.09894347190856934,1.0582084655761719,5883,2,1746599306.0431294,1746599307.200282
76.0,20.0,0.11555671691894531,0.9791660308837891,5884,1,1746599265.8010075,1746599266.8957307
125.0,20.0,0.12118196487426758,1.0112624168395996,5884,2,1746599308.559879,1746599309.692324
76.0,20.0,0.08553075790405273,0.989051342010498,5885,1,1746599268.3193104,1746599269.3938935
125.0,20.0,0.11334633827209473,1.0762369632720947,5885,2,1746599311.075642,1746599312.265226
76.0,20.0,0.11345982551574707,1.0003342628479004,5886,1,1746599270.9419596,1746599272.0557542
125.0,20.0,0.1142282485961914,1.0925238132476807,5886,2,1746599313.6918752,1746599314.8986287
76.0,20.0,0.07827568054199219,0.9722330570220947,5887,1,1746599273.4588397,1746599274.509349
125.0,20.0,0.09991931915283203,1.0329484939575195,5887,2,1746599316.208786,1746599317.3416545
76.0,20.0,0.11883544921875,0.9534769058227539,5888,1,1746599275.975046,1746599277.0473585
125.0,20.0,0.13832807540893555,1.0197746753692627,5888,2,1746599318.7307389,1746599319.8888416
76.0,20.0,0.08791565895080566,0.9967339038848877,5889,1,1746599235.8683827,1746599236.9530332
125.0,20.0,0.1293010711669922,0.9844892024993896,5889,2,1746599278.595118,1746599279.7089088
174.0,20.0,0.13916325569152832,1.0196166038513184,5889,3,1746599321.3513353,1746599322.5101156
76.0,20.0,0.07843756675720215,0.9865396022796631,5890,1,1746599238.3857114,1746599239.4506893
125.0,20.0,0.11395812034606934,1.017702579498291,5890,2,1746599281.141856,1746599282.273517
174.0,20.0,0.17760610580444336,1.145249366760254,5890,3,1746599323.8774283,1746599325.2002842
76.0,20.0,0.12015342712402344,1.0000085830688477,5891,1,1746599240.904654,1746599242.024817
125.0,20.0,0.10547900199890137,1.0167772769927979,5891,2,1746599283.6605942,1746599284.782851
174.0,20.0,0.10809183120727539,1.3352670669555664,5891,3,1746599326.4067078,1746599327.8500671
76.0,20.0,0.09543275833129883,0.9710714817047119,5892,1,1746599243.4288726,1746599244.4953778
125.0,20.0,0.09224605560302734,1.0222342014312744,5892,2,1746599286.1815078,1746599287.2959886
174.0,20.0,0.11986899375915527,1.0023131370544434,5892,3,1746599328.9236798,1746599330.0458624
76.0,20.0,0.08091974258422852,0.9852361679077148,5893,1,1746599245.9526446,1746599247.0188015
125.0,20.0,0.11280369758605957,1.0422523021697998,5893,2,1746599288.7019062,1746599289.856963
174.0,20.0,0.12274360656738281,1.1479902267456055,5893,3,1746599331.4010375,1746599332.6717722
76.0,20.0,0.1212165355682373,0.9704174995422363,5894,1,1746599248.4718623,1746599249.5634975
125.0,20.0,0.10434293746948242,0.9973859786987305,5894,2,1746599291.2171314,1746599292.3188608
174.0,20.0,0.1625840663909912,0.9557340145111084,5894,3,1746599333.9194431,1746599335.0377617
76.0,20.0,0.08648133277893066,0.97259521484375,5895,1,1746599250.9920878,1746599252.0511649
125.0,20.0,0.12053894996643066,1.0438933372497559,5895,2,1746599293.7436051,1746599294.908038
76.0,20.0,0.1377105712890625,0.9830412864685059,5896,1,1746599253.5159495,1746599254.636702
125.0,20.0,0.1232292652130127,1.0136854648590088,5896,2,1746599296.2612169,1746599297.3981323
76.0,20.0,0.12449216842651367,0.9811334609985352,5897,1,1746599256.1355803,1746599257.2412066
125.0,20.0,0.10002994537353516,1.0315208435058594,5897,2,1746599298.884705,1746599300.0162563
76.0,20.0,0.09226799011230469,0.9651825428009033,5898,1,1746599258.651054,1746599259.7085054
125.0,20.0,0.1131892204284668,1.031294345855713,5898,2,1746599301.4089034,1746599302.5533879
76.0,20.0,0.11359047889709473,0.9674909114837646,5899,1,1746599261.1682563,1746599262.2493384
125.0,20.0,0.11314153671264648,0.9953320026397705,5899,2,1746599303.928421,1746599305.036895
76.0,20.0,0.0858452320098877,0.960392951965332,5900,1,1746599263.6866136,1746599264.732853
125.0,20.0,0.11646795272827148,0.9834024906158447,5900,2,1746599306.4486058,1746599307.548477
76.0,20.0,0.08957672119140625,0.9591944217681885,5901,1,1746599266.2055483,1746599267.25432
125.0,20.0,0.08612370491027832,1.0824804306030273,5901,2,1746599308.9640577,1746599310.1326623
76.0,20.0,0.11082935333251953,0.9577674865722656,5902,1,1746599268.721441,1746599269.7900388
125.0,20.0,0.13689923286437988,0.9992341995239258,5902,2,1746599311.479842,1746599312.6159756
76.0,20.0,0.08853697776794434,0.9731266498565674,5903,1,1746599271.2434046,1746599272.3050685
125.0,20.0,0.13889479637145996,1.0115735530853271,5903,2,1746599313.9956646,1746599315.1461334
76.0,20.0,0.1156930923461914,0.9819109439849854,5904,1,1746599273.861919,1746599274.959524
125.0,20.0,0.0907754898071289,1.0374720096588135,5904,2,1746599316.6163564,1746599317.7446043
76.0,20.0,0.08259415626525879,0.970231294631958,5905,1,1746599276.3769035,1746599277.4297297
125.0,20.0,0.11474156379699707,1.0246806144714355,5905,2,1746599319.1354926,1746599320.2749157
76.0,20.0,0.11758899688720703,0.9786577224731445,5906,1,1746599236.2714448,1746599237.367692
125.0,20.0,0.09090209007263184,0.9785137176513672,5906,2,1746599278.9968944,1746599280.066311
174.0,20.0,0.1216287612915039,1.0755317211151123,5906,3,1746599321.7572198,1746599322.9543808
76.0,20.0,0.08818864822387695,0.9739077091217041,5907,1,1746599238.7880902,1746599239.8501875
125.0,20.0,0.11448907852172852,0.9845142364501953,5907,2,1746599281.5457573,1746599282.6447613
174.0,20.0,0.11896705627441406,1.1636178493499756,5907,3,1746599324.2819254,1746599325.5645108
76.0,20.0,0.1128230094909668,0.989260196685791,5908,1,1746599241.306855,1746599242.4089386
125.0,20.0,0.11602926254272461,1.0027282238006592,5908,2,1746599284.0628448,1746599285.1816027
174.0,20.0,0.1516554355621338,1.1966230869293213,5908,3,1746599326.8089728,1746599328.1572518
76.0,20.0,0.08075618743896484,0.9827632904052734,5909,1,1746599243.8310697,1746599244.8945901
125.0,20.0,0.09836554527282715,1.001035451889038,5909,2,1746599286.5839121,1746599287.6833138
174.0,20.0,0.13371968269348145,1.0552303791046143,5909,3,1746599329.328922,1746599330.5178726
76.0,20.0,0.1048886775970459,0.9671497344970703,5910,1,1746599246.3548474,1746599247.4268863
125.0,20.0,0.14136505126953125,0.9861979484558105,5910,2,1746599289.104125,1746599290.2316885
174.0,20.0,0.1582198143005371,1.0073773860931396,5910,3,1746599331.8061135,1746599332.9717112
76.0,20.0,0.11545848846435547,0.9658772945404053,5911,1,1746599248.8747904,1746599249.956127
125.0,20.0,0.16106843948364258,1.013023853302002,5911,2,1746599291.6196854,1746599292.793778
76.0,20.0,0.08188152313232422,0.9751899242401123,5912,1,1746599251.3946135,1746599252.4516852
125.0,20.0,0.10578274726867676,1.1301071643829346,5912,2,1746599294.145475,1746599295.3813653
76.0,20.0,0.09424161911010742,0.9751567840576172,5913,1,1746599253.9155684,1746599254.9849672
125.0,20.0,0.12626218795776367,0.9896490573883057,5913,2,1746599296.6640143,1746599297.779926
76.0,20.0,0.10239267349243164,0.9886481761932373,5914,1,1746599256.5373263,1746599257.6283677
125.0,20.0,0.0942068099975586,1.0127596855163574,5914,2,1746599299.2871125,1746599300.3940797
76.0,20.0,0.09586501121520996,0.9939055442810059,5915,1,1746599259.0534303,1746599260.1432016
125.0,20.0,0.10653042793273926,1.0114631652832031,5915,2,1746599301.8108814,1746599302.9288754
76.0,20.0,0.09909868240356445,0.9815483093261719,5916,1,1746599261.5704772,1746599262.6511247
125.0,20.0,0.13840985298156738,1.0111565589904785,5916,2,1746599304.3340065,1746599305.4835737
76.0,20.0,0.18917107582092285,0.975062370300293,5917,1,1746599264.694888,1746599265.8591223
125.0,20.0,0.2300877571105957,1.0453665256500244,5917,2,1746599307.4579732,1746599308.7334278
76.0,20.0,0.10611438751220703,0.9713149070739746,5918,1,1746599266.6073978,1746599267.6848278
125.0,20.0,0.10808706283569336,1.0106961727142334,5918,2,1746599309.3664103,1746599310.485194
76.0,20.0,0.08734512329101562,0.9825918674468994,5919,1,1746599269.123918,1746599270.1938555
125.0,20.0,0.11366081237792969,1.0145654678344727,5919,2,1746599311.881835,1746599313.0100617
76.0,20.0,0.10329818725585938,0.9930374622344971,5920,1,1746599271.6450105,1746599272.7413466
125.0,20.0,0.1200399398803711,1.0283677577972412,5920,2,1746599314.3977349,1746599315.546143
76.0,20.0,0.08607888221740723,0.9904894828796387,5921,1,1746599274.2638638,1746599275.340433
125.0,20.0,0.12336444854736328,1.0275516510009766,5921,2,1746599317.0189574,1746599318.1698737
76.0,20.0,0.07915949821472168,0.958500862121582,5922,1,1746599234.0528612,1746599235.090522
125.0,20.0,0.1182107925415039,0.9899888038635254,5922,2,1746599276.7795346,1746599277.8877351
174.0,20.0,0.12403988838195801,1.1024174690246582,5922,3,1746599319.5413928,1746599320.7678506
76.0,20.0,0.10278844833374023,0.9973495006561279,5923,1,1746599236.67531,1746599237.775448
125.0,20.0,0.227492094039917,0.8748917579650879,5923,2,1746599279.3990753,1746599280.5014596
174.0,20.0,0.11973047256469727,1.1169657707214355,5923,3,1746599322.1633792,1746599323.4000764
76.0,20.0,0.10599517822265625,0.974008321762085,5924,1,1746599239.29464,1746599240.374644
125.0,20.0,0.11054420471191406,1.0089800357818604,5924,2,1746599282.0496588,1746599283.1691835
174.0,20.0,0.16255474090576172,1.0348076820373535,5924,3,1746599324.7862384,1746599325.9836013
76.0,20.0,0.10904073715209961,0.9512121677398682,5925,1,1746599241.9137754,1746599242.974029
125.0,20.0,0.11067962646484375,1.0089778900146484,5925,2,1746599284.6713135,1746599285.7909718
174.0,20.0,0.17195582389831543,1.0626790523529053,5925,3,1746599327.4149323,1746599328.6495678
76.0,20.0,0.12935519218444824,0.9845371246337891,5926,1,1746599244.541634,1746599245.655527
125.0,20.0,0.1276688575744629,1.0236005783081055,5926,2,1746599287.2920148,1746599288.4432847
174.0,20.0,0.18538570404052734,1.0518229007720947,5926,3,1746599329.996045,1746599331.233254
76.0,20.0,0.12655949592590332,0.9726529121398926,5927,1,1746599247.162288,1746599248.2615006
125.0,20.0,0.10379838943481445,0.9877095222473145,5927,2,1746599289.910429,1746599291.001937
174.0,20.0,0.12404394149780273,1.0057361125946045,5927,3,1746599332.6115625,1746599333.7413433
76.0,20.0,0.11496496200561523,0.9493675231933594,5928,1,1746599249.7822754,1746599250.8466082
125.0,20.0,0.1411898136138916,0.9988200664520264,5928,2,1746599292.5258527,1746599293.6658633
76.0,20.0,0.11208796501159668,0.9998762607574463,5929,1,1746599252.403207,1746599253.515172
125.0,20.0,0.3269081115722656,0.965463399887085,5929,2,1746599295.4568422,1746599296.749214
76.0,20.0,0.10656213760375977,0.9711112976074219,5930,1,1746599255.023538,1746599256.1012125
125.0,20.0,0.11554622650146484,0.9870040416717529,5930,2,1746599297.7765622,1746599298.8791127
76.0,20.0,0.07992863655090332,0.9605867862701416,5931,1,1746599257.6433113,1746599258.683827
125.0,20.0,0.10033488273620605,1.028519868850708,5931,2,1746599300.3946629,1746599301.5235178
76.0,20.0,0.0934600830078125,0.9935259819030762,5932,1,1746599260.2616324,1746599261.3486192
125.0,20.0,0.15624380111694336,1.0522711277008057,5932,2,1746599303.0205243,1746599304.22904
76.0,20.0,0.10282731056213379,0.9579172134399414,5933,1,1746599262.8797975,1746599263.9405422
125.0,20.0,0.11664795875549316,1.0036630630493164,5933,2,1746599305.6433651,1746599306.7636766
76.0,20.0,0.11924171447753906,0.9863548278808594,5934,1,1746599265.4994085,1746599266.6050057
125.0,20.0,0.10476207733154297,1.0788333415985107,5934,2,1746599308.258028,1746599309.441624
76.0,20.0,0.11201596260070801,0.9808926582336426,5935,1,1746599268.1197906,1746599269.2126997
125.0,20.0,0.1121056079864502,1.0079474449157715,5935,2,1746599310.8762424,1746599311.9962962
76.0,20.0,0.09632587432861328,0.9654104709625244,5936,1,1746599270.7388291,1746599271.8005676
125.0,20.0,0.1425628662109375,0.9841318130493164,5936,2,1746599313.4926932,1746599314.619388
76.0,20.0,0.11705160140991211,0.9844343662261963,5937,1,1746599273.3583858,1746599274.4598722
125.0,20.0,0.07430911064147949,1.035339593887329,5937,2,1746599316.1082132,1746599317.2178628
76.0,20.0,0.11696076393127441,0.9539461135864258,5938,1,1746599275.9763436,1746599277.0472515
125.0,20.0,0.1362309455871582,1.0201454162597656,5938,2,1746599318.7323759,1746599319.888753
76.0,20.0,0.12711739540100098,0.9851889610290527,5939,1,1746599278.5967145,1746599279.709021
125.0,20.0,0.1368556022644043,1.0201058387756348,5939,2,1746599321.3530202,1746599322.5099823
76.0,20.0,0.10984945297241211,1.0187010765075684,5940,1,1746599281.1441958,1746599282.2727468
125.0,20.0,0.17684125900268555,1.1444921493530273,5940,2,1746599323.8790998,1746599325.2004335
76.0,20.0,0.12961649894714355,0.9901473522186279,5941,1,1746599283.763642,1746599284.8834062
125.0,20.0,0.15910029411315918,1.2849266529083252,5941,2,1746599326.5096245,1746599327.953652
76.0,20.0,0.07086420059204102,1.0303564071655273,5942,1,1746599286.382795,1746599287.4840162
125.0,20.0,0.09356832504272461,1.1495895385742188,5942,2,1746599329.1250272,1746599330.3681853
76.0,20.0,0.11211013793945312,1.0155093669891357,5943,1,1746599289.0050955,1746599290.1327155
125.0,20.0,0.16419386863708496,1.060445785522461,5943,2,1746599331.7040732,1746599332.9287133
76.0,20.0,0.15771150588989258,1.0143935680389404,5944,1,1746599291.6215837,1746599292.7936893
76.0,20.0,0.11745882034301758,1.0250744819641113,5945,1,1746599294.2462077,1746599295.3887417
76.0,20.0,0.1382129192352295,1.0192649364471436,5946,1,1746599296.8695116,1746599298.0269902
76.0,20.0,0.10552835464477539,1.0183866024017334,5947,1,1746599299.4908798,1746599300.614795
76.0,20.0,0.09985184669494629,1.0217711925506592,5948,1,1746599302.1129577,1746599303.2345812
76.0,20.0,0.12482428550720215,1.0569450855255127,5949,1,1746599304.7362072,1746599305.917977
76.0,20.0,0.08489847183227539,1.0911610126495361,5950,1,1746599307.3524103,1746599308.52847
76.0,20.0,0.07917499542236328,1.0621306896209717,5951,1,1746599309.9705029,1746599311.111809
76.0,20.0,0.11089301109313965,1.0315325260162354,5952,1,1746599312.5878165,1746599313.7302423
76.0,20.0,0.16332674026489258,1.040999412536621,5953,1,1746599315.2037826,1746599316.408109
76.0,20.0,0.16450738906860352,1.0149953365325928,5954,1,1746599317.824638,1746599319.004141
76.0,20.0,0.07666397094726562,1.0649669170379639,5955,1,1746599320.4471385,1746599321.5887702
76.0,20.0,0.13336634635925293,1.1575355529785156,5956,1,1746599323.0720792,1746599324.3629813
76.0,20.0,0.4279966354370117,1.0113708972930908,5957,1,1746599326.1071584,1746599327.5465262
76.0,20.0,0.07930564880371094,1.126079797744751,5958,1,1746599328.7226112,1746599329.927997
76.0,20.0,0.1267685890197754,1.1922369003295898,5959,1,1746599331.3027458,1746599332.6217518
76.0,20.0,0.16058111190795898,0.9561307430267334,5960,1,1746599333.9219704,1746599335.0386825
